model_team,pointNA,target_end_date
epiforecasts.ensemble1,4337,2020-06-20
CovidActNow.SEIR_CAN,,2020-06-22
CovidActNow.SEIR_CAN,,2020-06-23
CovidActNow.SEIR_CAN,,2020-06-24
CovidActNow.SEIR_CAN,,2020-06-25
CovidActNow.SEIR_CAN,,2020-06-26
CovidActNow.SEIR_CAN,,2020-06-27
epiforecasts.ensemble1,4472,2020-06-27
CovidActNow.SEIR_CAN,,2020-06-27
Covid19Sim.Simulator,4353.93321106126,2020-06-28
CovidActNow.SEIR_CAN,,2020-06-28
PSI.DRAFT,4318,2020-06-29
SWC.TerminusCM,4324,2020-06-29
Auquan.SEIR,4332,2020-06-29
CU.nochange,4321,2020-06-29
CU.scenario_high,4321,2020-06-29
CU.scenario_low,4321,2020-06-29
CU.scenario_mid,4321,2020-06-29
CU.select,4321,2020-06-29
Covid19Sim.Simulator,4362.11044627297,2020-06-29
Geneva.DetGrowth,4328.01465270186,2020-06-29
IowaStateLW.STEM,4341,2020-06-29
JHU_IDD.CovidSP,4326.91666666667,2020-06-29
MIT_CovAlliance.SIR,4396.152,2020-06-29
OliverWyman.Navigator,4322.113459,2020-06-29
RobertWalraven.ESG,4351.147,2020-06-29
UA.EpiCovDA,4323,2020-06-29
UCLA.SuEIR,4320.33237989718,2020-06-29
CovidActNow.SEIR_CAN,,2020-06-29
LANL.GrowthRate,4332.4404250412,2020-06-30
MIT_CovidAnalytics.DELPHI,4327,2020-06-30
MOBS_NEU.GLEAM_COVID,4344.08829527088,2020-06-30
NotreDame.mobility,4330.04195804196,2020-06-30
PSI.DRAFT,4325,2020-06-30
SWC.TerminusCM,4328,2020-06-30
UT.Mobility,4330,2020-06-30
Auquan.SEIR,4348,2020-06-30
CU.nochange,4326,2020-06-30
CU.scenario_high,4325,2020-06-30
CU.scenario_low,4326,2020-06-30
CU.scenario_mid,4326,2020-06-30
CU.select,4326,2020-06-30
Covid19Sim.Simulator,4369.8626711863,2020-06-30
Geneva.DetGrowth,4336.33914018731,2020-06-30
IowaStateLW.STEM,4347,2020-06-30
JHU_IDD.CovidSP,4337.57333333333,2020-06-30
MIT_CovAlliance.SIR,4405.3667,2020-06-30
OliverWyman.Navigator,4327.610125,2020-06-30
RobertWalraven.ESG,4364.783,2020-06-30
UA.EpiCovDA,4331,2020-06-30
UCLA.SuEIR,4329.2971955283,2020-06-30
CovidActNow.SEIR_CAN,,2020-06-30
USACE.ERDC_SEIR,4329.41943818961,2020-07-01
CovidActNow.SEIR_CAN,,2020-07-01
LANL.GrowthRate,4340.4756437037,2020-07-01
MIT_CovidAnalytics.DELPHI,4332,2020-07-01
MOBS_NEU.GLEAM_COVID,4354.44900975587,2020-07-01
NotreDame.mobility,4336.68709068709,2020-07-01
PSI.DRAFT,4331.5,2020-07-01
SWC.TerminusCM,4333,2020-07-01
UT.Mobility,4337,2020-07-01
Auquan.SEIR,4362,2020-07-01
CU.nochange,4329,2020-07-01
CU.scenario_high,4330,2020-07-01
CU.scenario_low,4329,2020-07-01
CU.scenario_mid,4329,2020-07-01
CU.select,4329,2020-07-01
Covid19Sim.Simulator,4377.21011805046,2020-07-01
Geneva.DetGrowth,4344.54382103961,2020-07-01
IowaStateLW.STEM,4353,2020-07-01
JHU_IDD.CovidSP,4348.43333333333,2020-07-01
MIT_CovAlliance.SIR,4414.24,2020-07-01
OliverWyman.Navigator,4332.869193,2020-07-01
RobertWalraven.ESG,4378.144,2020-07-01
UA.EpiCovDA,4338,2020-07-01
UCLA.SuEIR,4337.90869028712,2020-07-01
USACE.ERDC_SEIR,4336.42414212895,2020-07-02
CovidActNow.SEIR_CAN,,2020-07-02
LANL.GrowthRate,4348.42389782561,2020-07-02
MIT_CovidAnalytics.DELPHI,4336,2020-07-02
MOBS_NEU.GLEAM_COVID,4364.49279394535,2020-07-02
NotreDame.mobility,4343.05402005402,2020-07-02
PSI.DRAFT,4339,2020-07-02
SWC.TerminusCM,4338,2020-07-02
UT.Mobility,4344,2020-07-02
Auquan.SEIR,4375,2020-07-02
CU.nochange,4333,2020-07-02
CU.scenario_high,4334,2020-07-02
CU.scenario_low,4334,2020-07-02
CU.scenario_mid,4333,2020-07-02
CU.select,4334,2020-07-02
Covid19Sim.Simulator,4384.17279017989,2020-07-02
Geneva.DetGrowth,4352.63023460657,2020-07-02
IowaStateLW.STEM,4358,2020-07-02
JHU_IDD.CovidSP,4358.9,2020-07-02
MIT_CovAlliance.SIR,4422.788,2020-07-02
OliverWyman.Navigator,4337.86869,2020-07-02
RobertWalraven.ESG,4391.239,2020-07-02
UA.EpiCovDA,4345,2020-07-02
UCLA.SuEIR,4346.18065500025,2020-07-02
YYG.ParamSearch,4335.74860171564,2020-07-03
CovidActNow.SEIR_CAN,,2020-07-03
USACE.ERDC_SEIR,4343.03220928618,2020-07-03
LANL.GrowthRate,4356.36388676377,2020-07-03
MIT_CovidAnalytics.DELPHI,4341,2020-07-03
MOBS_NEU.GLEAM_COVID,4374.17020798424,2020-07-03
NotreDame.mobility,4349.23872423872,2020-07-03
PSI.DRAFT,4346,2020-07-03
SWC.TerminusCM,4343,2020-07-03
UT.Mobility,4351,2020-07-03
Auquan.SEIR,4388,2020-07-03
CU.nochange,4337,2020-07-03
CU.scenario_high,4337,2020-07-03
CU.scenario_low,4338,2020-07-03
CU.scenario_mid,4338,2020-07-03
CU.select,4338,2020-07-03
Covid19Sim.Simulator,4390.77012218003,2020-07-03
Geneva.DetGrowth,4360.59990045753,2020-07-03
IowaStateLW.STEM,4363,2020-07-03
JHU_IDD.CovidSP,4369.30333333333,2020-07-03
MIT_CovAlliance.SIR,4431.0215,2020-07-03
OliverWyman.Navigator,4342.773541,2020-07-03
RobertWalraven.ESG,4404.077,2020-07-03
UA.EpiCovDA,4351,2020-07-03
UCLA.SuEIR,4354.12620733148,2020-07-03
Auquan.SEIR,4399,2020-07-04
COVIDhub.ensemble,4359.22494681852,2020-07-04
CU.nochange,4340,2020-07-04
CU.scenario_high,4341,2020-07-04
CU.scenario_low,4341,2020-07-04
CU.scenario_mid,4341,2020-07-04
CU.select,4341,2020-07-04
Covid19Sim.Simulator,4397.02080970084,2020-07-04
GT.DeepCOVID,4348.8654,2020-07-04
IHME.CurveFit,4331.57037432065,2020-07-04
IowaStateLW.STEM,4368,2020-07-04
JHU_IDD.CovidSP,4379.82666666667,2020-07-04
LANL.GrowthRate,4363.31069511098,2020-07-04
MIT_CovAlliance.SIR,4438.9546,2020-07-04
MIT_CovidAnalytics.DELPHI,4345,2020-07-04
MOBS_NEU.GLEAM_COVID,4383.5044274971,2020-07-04
NotreDame.mobility,4355.19425019425,2020-07-04
OliverWyman.Navigator,4347.433011,2020-07-04
PSI.DRAFT,4352,2020-07-04
SWC.TerminusCM,4348,2020-07-04
UA.EpiCovDA,4356,2020-07-04
UCLA.SuEIR,4361.75794109781,2020-07-04
UMass.MechBayes,4350,2020-07-04
USC.SI_kJalpha,4343.38935622077,2020-07-04
UT.Mobility,4357,2020-07-04
CovidActNow.SEIR_CAN,,2020-07-04
YYG.ParamSearch,4341.58359712797,2020-07-04
CovidActNow.SEIR_CAN,,2020-07-04
USACE.ERDC_SEIR,4349.26701913362,2020-07-04
epiforecasts.ensemble1,4592,2020-07-04
LANL.GrowthRate,4363.31069511098,2020-07-04
MIT_CovidAnalytics.DELPHI,4345,2020-07-04
MOBS_NEU.GLEAM_COVID,4383.5044274971,2020-07-04
NotreDame.mobility,4355.19425019425,2020-07-04
PSI.DRAFT,4352,2020-07-04
SWC.TerminusCM,4348,2020-07-04
UT.Mobility,4357,2020-07-04
Auquan.SEIR,4399,2020-07-04
CU.nochange,4340,2020-07-04
CU.scenario_high,4341,2020-07-04
CU.scenario_low,4341,2020-07-04
CU.scenario_mid,4341,2020-07-04
CU.select,4341,2020-07-04
Covid19Sim.Simulator,4397.02080970084,2020-07-04
Geneva.DetGrowth,4368.45431863748,2020-07-04
IowaStateLW.STEM,4368,2020-07-04
JHU_IDD.CovidSP,4379.82666666667,2020-07-04
MIT_CovAlliance.SIR,4438.9546,2020-07-04
OliverWyman.Navigator,4347.433011,2020-07-04
RobertWalraven.ESG,4416.666,2020-07-04
UA.EpiCovDA,4356,2020-07-04
CovidActNow.SEIR_CAN,,2020-07-05
YYG.ParamSearch,4347.40466244045,2020-07-05
USACE.ERDC_SEIR,4355.14516037345,2020-07-05
LANL.GrowthRate,4370.375829438,2020-07-05
MIT_CovidAnalytics.DELPHI,4348,2020-07-05
MOBS_NEU.GLEAM_COVID,4392.62750471145,2020-07-05
NotreDame.mobility,4360.93376993377,2020-07-05
PSI.DRAFT,4358,2020-07-05
SWC.TerminusCM,4353,2020-07-05
UT.Mobility,4363,2020-07-05
Auquan.SEIR,4410,2020-07-05
CU.nochange,4344,2020-07-05
CU.scenario_high,4344,2020-07-05
CU.scenario_low,4345,2020-07-05
CU.scenario_mid,4344,2020-07-05
CU.select,4345,2020-07-05
Covid19Sim.Simulator,4402.94273396522,2020-07-05
IowaStateLW.STEM,4372,2020-07-05
JHU_IDD.CovidSP,4390.47,2020-07-05
MIT_CovAlliance.SIR,4446.5967,2020-07-05
OliverWyman.Navigator,4351.585285,2020-07-05
RobertWalraven.ESG,4429.013,2020-07-05
UA.EpiCovDA,4361,2020-07-05
UCLA.SuEIR,4369.08798578691,2020-07-05
CovidActNow.SEIR_CAN,,2020-07-06
YYG.ParamSearch,4353.22129205517,2020-07-06
USACE.ERDC_SEIR,4360.68607289604,2020-07-06
LANL.GrowthRate,4377.48226846791,2020-07-06
MIT_CovidAnalytics.DELPHI,4352,2020-07-06
MOBS_NEU.GLEAM_COVID,4401.45439800584,2020-07-06
NotreDame.mobility,4366.51537351537,2020-07-06
PSI.DRAFT,4363,2020-07-06
SWC.TerminusCM,4357,2020-07-06
UT.Mobility,4369,2020-07-06
Auquan.SEIR,4420,2020-07-06
CU.nochange,4348,2020-07-06
CU.scenario_high,4348,2020-07-06
CU.scenario_low,4349,2020-07-06
CU.scenario_mid,4348,2020-07-06
CU.select,4349,2020-07-06
Covid19Sim.Simulator,4408.55293893131,2020-07-06
IowaStateLW.STEM,4376,2020-07-06
JHU_IDD.CovidSP,4400.64,2020-07-06
MIT_CovAlliance.SIR,4453.962,2020-07-06
OliverWyman.Navigator,4355.719838,2020-07-06
RobertWalraven.ESG,4441.128,2020-07-06
UA.EpiCovDA,4365,2020-07-06
UCLA.SuEIR,4376.12802283533,2020-07-06
CovidActNow.SEIR_CAN,,2020-07-07
YYG.ParamSearch,4359.043108666,2020-07-07
USACE.ERDC_SEIR,4365.90834093058,2020-07-07
LANL.GrowthRate,4384.32570710335,2020-07-07
MIT_CovidAnalytics.DELPHI,4355,2020-07-07
MOBS_NEU.GLEAM_COVID,4410.04024201008,2020-07-07
NotreDame.mobility,4371.85847485848,2020-07-07
PSI.DRAFT,4368,2020-07-07
SWC.TerminusCM,4361,2020-07-07
UT.Mobility,4374,2020-07-07
Auquan.SEIR,4429,2020-07-07
CU.nochange,4351,2020-07-07
CU.scenario_high,4351,2020-07-07
CU.scenario_low,4352,2020-07-07
CU.scenario_mid,4352,2020-07-07
CU.select,4352,2020-07-07
Covid19Sim.Simulator,4413.86763731536,2020-07-07
IowaStateLW.STEM,4379,2020-07-07
JHU_IDD.CovidSP,4410.86666666667,2020-07-07
MIT_CovAlliance.SIR,4461.06,2020-07-07
OliverWyman.Navigator,4359.908915,2020-07-07
RobertWalraven.ESG,4453.017,2020-07-07
UA.EpiCovDA,4369,2020-07-07
UCLA.SuEIR,4382.88930136453,2020-07-07
Auquan.SEIR,4438,2020-07-08
CU.nochange,4354,2020-07-08
CU.scenario_high,4354,2020-07-08
CU.scenario_low,4355,2020-07-08
CU.scenario_mid,4355,2020-07-08
CU.select,4355,2020-07-08
Covid19Sim.Simulator,4418.9022320628,2020-07-08
IowaStateLW.STEM,4383,2020-07-08
JHU_IDD.CovidSP,4420.93666666667,2020-07-08
MIT_CovAlliance.SIR,4467.9023,2020-07-08
OliverWyman.Navigator,4363.694435,2020-07-08
RobertWalraven.ESG,4464.687,2020-07-08
UA.EpiCovDA,4373,2020-07-08
UCLA.SuEIR,4389.38265339202,2020-07-08
CovidActNow.SEIR_CAN,,2020-07-08
YYG.ParamSearch,4364.87974988468,2020-07-08
USACE.ERDC_SEIR,4370.82990603459,2020-07-08
LANL.GrowthRate,4390.7583574466,2020-07-08
MIT_CovidAnalytics.DELPHI,4358,2020-07-08
MOBS_NEU.GLEAM_COVID,4418.22679952416,2020-07-08
NotreDame.mobility,4377.05609205609,2020-07-08
PSI.DRAFT,4374,2020-07-08
SWC.TerminusCM,4365,2020-07-08
UT.Mobility,4380,2020-07-08
LANL.GrowthRate,4396.87821705378,2020-07-09
MIT_CovidAnalytics.DELPHI,4361,2020-07-09
MOBS_NEU.GLEAM_COVID,4426.24115235165,2020-07-09
NotreDame.mobility,4382.03448403448,2020-07-09
PSI.DRAFT,4379,2020-07-09
SWC.TerminusCM,4369,2020-07-09
UT.Mobility,4385,2020-07-09
Auquan.SEIR,4446,2020-07-09
CU.nochange,4357,2020-07-09
CU.scenario_high,4357,2020-07-09
CU.scenario_low,4358,2020-07-09
CU.scenario_mid,4357,2020-07-09
CU.select,4358,2020-07-09
Covid19Sim.Simulator,4423.67134570709,2020-07-09
IowaStateLW.STEM,4386,2020-07-09
JHU_IDD.CovidSP,4431.51,2020-07-09
MIT_CovAlliance.SIR,4474.499,2020-07-09
OliverWyman.Navigator,4367.559828,2020-07-09
RobertWalraven.ESG,4476.144,2020-07-09
UA.EpiCovDA,4376,2020-07-09
UCLA.SuEIR,4395.61850853396,2020-07-09
CovidActNow.SEIR_CAN,,2020-07-09
YYG.ParamSearch,4370.65240149692,2020-07-09
USACE.ERDC_SEIR,4375.46709658306,2020-07-09
LANL.GrowthRate,4402.65561695798,2020-07-10
MIT_CovidAnalytics.DELPHI,4364,2020-07-10
MOBS_NEU.GLEAM_COVID,4434.02242791523,2020-07-10
NotreDame.mobility,4386.84448884449,2020-07-10
PSI.DRAFT,4383,2020-07-10
SWC.TerminusCM,4373,2020-07-10
UT.Mobility,4390,2020-07-10
Auquan.SEIR,4454,2020-07-10
CU.nochange,4360,2020-07-10
CU.scenario_high,4361,2020-07-10
CU.scenario_low,4362,2020-07-10
CU.scenario_mid,4361,2020-07-10
CU.select,4362,2020-07-10
Covid19Sim.Simulator,4428.18947307936,2020-07-10
IowaStateLW.STEM,4388,2020-07-10
JHU_IDD.CovidSP,4441.89333333333,2020-07-10
MIT_CovAlliance.SIR,4480.859,2020-07-10
OliverWyman.Navigator,4371.198884,2020-07-10
RobertWalraven.ESG,4487.396,2020-07-10
UA.EpiCovDA,4380,2020-07-10
UCLA.SuEIR,4401.60690821554,2020-07-10
CovidActNow.SEIR_CAN,,2020-07-10
YYG.ParamSearch,4376.37072673286,2020-07-10
USACE.ERDC_SEIR,4379.83287302497,2020-07-10
USACE.ERDC_SEIR,4383.94473390011,2020-07-11
YYG.ParamSearch,4382.04370338863,2020-07-11
USACE.ERDC_SEIR,4383.94473390011,2020-07-11
LANL.GrowthRate,4408.68298999094,2020-07-11
MIT_CovidAnalytics.DELPHI,4366,2020-07-11
MOBS_NEU.GLEAM_COVID,4441.54116107671,2020-07-11
NotreDame.mobility,4391.48692048692,2020-07-11
PSI.DRAFT,4388,2020-07-11
SWC.TerminusCM,4376,2020-07-11
UT.Mobility,4395,2020-07-11
Auquan.SEIR,4461,2020-07-11
CU.nochange,4362,2020-07-11
CU.scenario_high,4364,2020-07-11
CU.scenario_low,4364,2020-07-11
CU.scenario_mid,4364,2020-07-11
CU.select,4364,2020-07-11
Covid19Sim.Simulator,4432.47086690462,2020-07-11
IowaStateLW.STEM,4391,2020-07-11
JHU_IDD.CovidSP,4452.11333333333,2020-07-11
MIT_CovAlliance.SIR,4486.9927,2020-07-11
OliverWyman.Navigator,4374.680976,2020-07-11
RobertWalraven.ESG,4498.448,2020-07-11
UA.EpiCovDA,4383,2020-07-11
Auquan.SEIR,4461,2020-07-11
COVIDhub.ensemble,4396.85884720311,2020-07-11
CU.nochange,4362,2020-07-11
CU.scenario_high,4364,2020-07-11
CU.scenario_low,4364,2020-07-11
CU.scenario_mid,4364,2020-07-11
CU.select,4364,2020-07-11
Covid19Sim.Simulator,4432.47086690462,2020-07-11
GT.DeepCOVID,4384.0624,2020-07-11
IHME.CurveFit,4376.18912714481,2020-07-11
IowaStateLW.STEM,4391,2020-07-11
JHU_IDD.CovidSP,4452.11333333333,2020-07-11
LANL.GrowthRate,4408.68298999094,2020-07-11
MIT_CovAlliance.SIR,4486.9927,2020-07-11
MIT_CovidAnalytics.DELPHI,4366,2020-07-11
MOBS_NEU.GLEAM_COVID,4441.54116107671,2020-07-11
NotreDame.mobility,4391.48692048692,2020-07-11
OliverWyman.Navigator,4374.680976,2020-07-11
PSI.DRAFT,4388,2020-07-11
SWC.TerminusCM,4376,2020-07-11
UA.EpiCovDA,4383,2020-07-11
UCLA.SuEIR,4407.35751940461,2020-07-11
UMass.MechBayes,4379,2020-07-11
USC.SI_kJalpha,4371.13273920196,2020-07-11
UT.Mobility,4395,2020-07-11
CovidActNow.SEIR_CAN,,2020-07-11
CovidActNow.SEIR_CAN,,2020-07-11
epiforecasts.ensemble1,4702,2020-07-11
YYG.ParamSearch,4382.04370338863,2020-07-11
YYG.ParamSearch,4387.67959270839,2020-07-12
USACE.ERDC_SEIR,4387.81614032508,2020-07-12
LANL.GrowthRate,4414.10959361812,2020-07-12
MIT_CovidAnalytics.DELPHI,4368,2020-07-12
MOBS_NEU.GLEAM_COVID,4448.76349333633,2020-07-12
NotreDame.mobility,4395.98971398971,2020-07-12
PSI.DRAFT,4393,2020-07-12
SWC.TerminusCM,4380,2020-07-12
UT.Mobility,4399,2020-07-12
Auquan.SEIR,4467,2020-07-12
CU.nochange,4365,2020-07-12
CU.scenario_high,4367,2020-07-12
CU.scenario_low,4367,2020-07-12
CU.scenario_mid,4366,2020-07-12
CU.select,4367,2020-07-12
Covid19Sim.Simulator,4436.52893520783,2020-07-12
IowaStateLW.STEM,4393,2020-07-12
JHU_IDD.CovidSP,4462.43,2020-07-12
MIT_CovAlliance.SIR,4492.909,2020-07-12
OliverWyman.Navigator,4377.586301,2020-07-12
RobertWalraven.ESG,4509.307,2020-07-12
UA.EpiCovDA,4386,2020-07-12
UCLA.SuEIR,4412.87964788389,2020-07-12
CovidActNow.SEIR_CAN,,2020-07-12
YYG.ParamSearch,4393.28592361531,2020-07-13
USACE.ERDC_SEIR,4391.46214760678,2020-07-13
LANL.GrowthRate,4419.6641815789,2020-07-13
MIT_CovidAnalytics.DELPHI,4370,2020-07-13
MOBS_NEU.GLEAM_COVID,4455.88275386094,2020-07-13
NotreDame.mobility,4400.3182003182,2020-07-13
PSI.DRAFT,4397,2020-07-13
SWC.TerminusCM,4383,2020-07-13
UT.Mobility,4404,2020-07-13
Auquan.SEIR,4474,2020-07-13
CU.nochange,4368,2020-07-13
CU.scenario_high,4369,2020-07-13
CU.scenario_low,4369,2020-07-13
CU.scenario_mid,4369,2020-07-13
CU.select,4369,2020-07-13
Covid19Sim.Simulator,4440.37629165667,2020-07-13
IowaStateLW.STEM,4396,2020-07-13
JHU_IDD.CovidSP,4473.13666666667,2020-07-13
MIT_CovAlliance.SIR,4498.616,2020-07-13
OliverWyman.Navigator,4380.330807,2020-07-13
RobertWalraven.ESG,4519.979,2020-07-13
UA.EpiCovDA,4390,2020-07-13
UCLA.SuEIR,4418.18225107628,2020-07-13
CovidActNow.SEIR_CAN,,2020-07-13
YYG.ParamSearch,4398.86949207444,2020-07-14
USACE.ERDC_SEIR,4394.89533189805,2020-07-14
LANL.GrowthRate,4424.9468068685,2020-07-14
MIT_CovidAnalytics.DELPHI,4372,2020-07-14
MOBS_NEU.GLEAM_COVID,4462.61447428359,2020-07-14
NotreDame.mobility,4404.50875050875,2020-07-14
PSI.DRAFT,4401,2020-07-14
SWC.TerminusCM,4386,2020-07-14
UT.Mobility,4409,2020-07-14
Auquan.SEIR,4479,2020-07-14
CU.nochange,4372,2020-07-14
CU.scenario_high,4373,2020-07-14
CU.scenario_low,4373,2020-07-14
CU.scenario_mid,4373,2020-07-14
CU.select,4373,2020-07-14
Covid19Sim.Simulator,4444.02480326327,2020-07-14
IowaStateLW.STEM,4397,2020-07-14
JHU_IDD.CovidSP,4483.59333333333,2020-07-14
MIT_CovAlliance.SIR,4504.123,2020-07-14
OliverWyman.Navigator,4382.923401,2020-07-14
RobertWalraven.ESG,4530.467,2020-07-14
UA.EpiCovDA,4393,2020-07-14
UCLA.SuEIR,4423.27395043765,2020-07-14
CovidActNow.SEIR_CAN,,2020-07-14
YYG.ParamSearch,4404.43637551068,2020-07-15
USACE.ERDC_SEIR,4398.12628082066,2020-07-15
LANL.GrowthRate,4430.6999592055,2020-07-15
MIT_CovidAnalytics.DELPHI,4374,2020-07-15
MOBS_NEU.GLEAM_COVID,4469.27995198761,2020-07-15
NotreDame.mobility,4408.53176453177,2020-07-15
PSI.DRAFT,4406,2020-07-15
SWC.TerminusCM,4389,2020-07-15
UT.Mobility,4413,2020-07-15
Auquan.SEIR,4484,2020-07-15
CU.nochange,4375,2020-07-15
CU.scenario_high,4376,2020-07-15
CU.scenario_low,4376,2020-07-15
CU.scenario_mid,4376,2020-07-15
CU.select,4376,2020-07-15
Covid19Sim.Simulator,4447.48563541754,2020-07-15
IowaStateLW.STEM,4399,2020-07-15
JHU_IDD.CovidSP,4494.14666666667,2020-07-15
MIT_CovAlliance.SIR,4509.437,2020-07-15
OliverWyman.Navigator,4385.38429,2020-07-15
RobertWalraven.ESG,4540.779,2020-07-15
UA.EpiCovDA,4397,2020-07-15
UCLA.SuEIR,4428.16304343097,2020-07-15
CovidActNow.SEIR_CAN,,2020-07-15
YYG.ParamSearch,4409.90026528336,2020-07-16
USACE.ERDC_SEIR,4401.16775522498,2020-07-16
LANL.GrowthRate,4435.56288458976,2020-07-16
MIT_CovidAnalytics.DELPHI,4376,2020-07-16
MOBS_NEU.GLEAM_COVID,4475.7206815515,2020-07-16
NotreDame.mobility,4412.41991341991,2020-07-16
PSI.DRAFT,4409,2020-07-16
SWC.TerminusCM,4391,2020-07-16
UT.Mobility,4418,2020-07-16
Auquan.SEIR,4489,2020-07-16
CU.nochange,4378,2020-07-16
CU.scenario_high,4380,2020-07-16
CU.scenario_low,4379,2020-07-16
CU.scenario_mid,4378,2020-07-16
CU.select,4379,2020-07-16
Covid19Sim.Simulator,4450.76929430524,2020-07-16
IowaStateLW.STEM,4401,2020-07-16
JHU_IDD.CovidSP,4504.75,2020-07-16
MIT_CovAlliance.SIR,4514.5664,2020-07-16
OliverWyman.Navigator,4387.722833,2020-07-16
RobertWalraven.ESG,4550.92,2020-07-16
UA.EpiCovDA,4401,2020-07-16
UCLA.SuEIR,4432.85751509505,2020-07-16
CovidActNow.SEIR_CAN,,2020-07-16
YYG.ParamSearch,4415.26909857939,2020-07-17
USACE.ERDC_SEIR,4404.02768596158,2020-07-17
LANL.GrowthRate,4440.01322784471,2020-07-17
MIT_CovidAnalytics.DELPHI,4377,2020-07-17
MOBS_NEU.GLEAM_COVID,4481.91287466513,2020-07-17
NotreDame.mobility,4416.18444518445,2020-07-17
PSI.DRAFT,4413,2020-07-17
SWC.TerminusCM,4394,2020-07-17
UT.Mobility,4422,2020-07-17
Auquan.SEIR,4494,2020-07-17
CU.nochange,4382,2020-07-17
CU.scenario_high,4383,2020-07-17
CU.scenario_low,4383,2020-07-17
CU.scenario_mid,4381,2020-07-17
CU.select,4383,2020-07-17
Covid19Sim.Simulator,4453.88566680688,2020-07-17
IowaStateLW.STEM,4402,2020-07-17
JHU_IDD.CovidSP,4515.63333333333,2020-07-17
MIT_CovAlliance.SIR,4519.518,2020-07-17
OliverWyman.Navigator,4389.942378,2020-07-17
RobertWalraven.ESG,4560.894,2020-07-17
UA.EpiCovDA,4404,2020-07-17
UCLA.SuEIR,4437.36495562371,2020-07-17
CovidActNow.SEIR_CAN,,2020-07-17
YYG.ParamSearch,4420.54986977734,2020-07-18
USACE.ERDC_SEIR,4406.71784467023,2020-07-18
LANL.GrowthRate,4445.54013532191,2020-07-18
MIT_CovidAnalytics.DELPHI,4379,2020-07-18
MOBS_NEU.GLEAM_COVID,4487.97531109013,2020-07-18
NotreDame.mobility,4419.82106782107,2020-07-18
PSI.DRAFT,4417,2020-07-18
SWC.TerminusCM,4396,2020-07-18
UT.Mobility,4426,2020-07-18
USACE.ERDC_SEIR,4406.71784467023,2020-07-18
YYG.ParamSearch,4420.54986977734,2020-07-18
Auquan.SEIR,4498,2020-07-18
CU.nochange,4384,2020-07-18
CU.scenario_high,4386,2020-07-18
CU.scenario_low,4386,2020-07-18
CU.scenario_mid,4383,2020-07-18
CU.select,4386,2020-07-18
Covid19Sim.Simulator,4456.8440579948,2020-07-18
IowaStateLW.STEM,4404,2020-07-18
JHU_IDD.CovidSP,4526.34333333333,2020-07-18
MIT_CovAlliance.SIR,4524.299,2020-07-18
OliverWyman.Navigator,4392.031843,2020-07-18
RobertWalraven.ESG,4570.705,2020-07-18
UA.EpiCovDA,4408,2020-07-18
CovidActNow.SEIR_CAN,,2020-07-18
Auquan.SEIR,4498,2020-07-18
COVIDhub.ensemble,4427.35888105833,2020-07-18
CU.nochange,4384,2020-07-18
CU.scenario_high,4386,2020-07-18
CU.scenario_low,4386,2020-07-18
CU.scenario_mid,4383,2020-07-18
CU.select,4386,2020-07-18
Covid19Sim.Simulator,4456.8440579948,2020-07-18
GT.DeepCOVID,4433.3073,2020-07-18
IHME.CurveFit,4415.31167063499,2020-07-18
IowaStateLW.STEM,4404,2020-07-18
JHU_IDD.CovidSP,4526.34333333333,2020-07-18
LANL.GrowthRate,4445.54013532191,2020-07-18
MIT_CovAlliance.SIR,4524.299,2020-07-18
MIT_CovidAnalytics.DELPHI,4379,2020-07-18
MOBS_NEU.GLEAM_COVID,4487.97531109013,2020-07-18
NotreDame.mobility,4419.82106782107,2020-07-18
OliverWyman.Navigator,4392.031843,2020-07-18
PSI.DRAFT,4417,2020-07-18
SWC.TerminusCM,4396,2020-07-18
UA.EpiCovDA,4408,2020-07-18
UCLA.SuEIR,4441.6925471205,2020-07-18
UMass.MechBayes,4399,2020-07-18
USC.SI_kJalpha,4392.45874793982,2020-07-18
UT.Mobility,4426,2020-07-18
CovidActNow.SEIR_CAN,,2020-07-18
YYG.ParamSearch,4425.74874249071,2020-07-19
USACE.ERDC_SEIR,4409.24931217536,2020-07-19
LANL.GrowthRate,4450.20934769263,2020-07-19
MIT_CovidAnalytics.DELPHI,4380,2020-07-19
MOBS_NEU.GLEAM_COVID,4493.78937256824,2020-07-19
NotreDame.mobility,4423.35061235061,2020-07-19
PSI.DRAFT,4421,2020-07-19
SWC.TerminusCM,4399,2020-07-19
UT.Mobility,4430,2020-07-19
Auquan.SEIR,4502,2020-07-19
CU.nochange,4387,2020-07-19
CU.scenario_high,4390,2020-07-19
CU.scenario_low,4389,2020-07-19
CU.scenario_mid,4387,2020-07-19
CU.select,4389,2020-07-19
Covid19Sim.Simulator,4459.65322635428,2020-07-19
IowaStateLW.STEM,4405,2020-07-19
JHU_IDD.CovidSP,4537.12333333333,2020-07-19
MIT_CovAlliance.SIR,4528.916,2020-07-19
OliverWyman.Navigator,4394.003866,2020-07-19
RobertWalraven.ESG,4580.359,2020-07-19
UA.EpiCovDA,4412,2020-07-19
UCLA.SuEIR,4445.84739499571,2020-07-19
YYG.ParamSearch,4430.87115339543,2020-07-20
USACE.ERDC_SEIR,4411.63124582267,2020-07-20
LANL.GrowthRate,4454.74276612053,2020-07-20
MIT_CovidAnalytics.DELPHI,4381,2020-07-20
MOBS_NEU.GLEAM_COVID,4499.44661833923,2020-07-20
NotreDame.mobility,4426.76493876494,2020-07-20
PSI.DRAFT,4423,2020-07-20
SWC.TerminusCM,4401,2020-07-20
UT.Mobility,4435,2020-07-20
Auquan.SEIR,4506,2020-07-20
CU.nochange,4390,2020-07-20
CU.scenario_high,4394,2020-07-20
CU.scenario_low,4392,2020-07-20
CU.scenario_mid,4389,2020-07-20
CU.select,4392,2020-07-20
Covid19Sim.Simulator,4462.32069102688,2020-07-20
IowaStateLW.STEM,4406,2020-07-20
JHU_IDD.CovidSP,4547.79666666667,2020-07-20
MIT_CovAlliance.SIR,4533.375,2020-07-20
OliverWyman.Navigator,4395.879736,2020-07-20
RobertWalraven.ESG,4589.859,2020-07-20
UA.EpiCovDA,4415,2020-07-20
UCLA.SuEIR,4449.83633074162,2020-07-20
YYG.ParamSearch,4435.92190708561,2020-07-21
USACE.ERDC_SEIR,4413.87182689263,2020-07-21
LANL.GrowthRate,4459.73561916943,2020-07-21
MIT_CovidAnalytics.DELPHI,4382,2020-07-21
MOBS_NEU.GLEAM_COVID,4504.97853892845,2020-07-21
NotreDame.mobility,4430.06789506789,2020-07-21
PSI.DRAFT,4426,2020-07-21
SWC.TerminusCM,4403,2020-07-21
UT.Mobility,4438,2020-07-21
Auquan.SEIR,4509,2020-07-21
CU.nochange,4393,2020-07-21
CU.scenario_high,4397,2020-07-21
CU.scenario_low,4395,2020-07-21
CU.scenario_mid,4392,2020-07-21
CU.select,4395,2020-07-21
Covid19Sim.Simulator,4464.85317432839,2020-07-21
IowaStateLW.STEM,4407,2020-07-21
JHU_IDD.CovidSP,4558.63333333333,2020-07-21
MIT_CovAlliance.SIR,4537.683,2020-07-21
OliverWyman.Navigator,4397.655858,2020-07-21
RobertWalraven.ESG,4599.211,2020-07-21
UA.EpiCovDA,4419,2020-07-21
UCLA.SuEIR,4453.66591425392,2020-07-21
YYG.ParamSearch,4440.90526160174,2020-07-22
USACE.ERDC_SEIR,4415.97764647021,2020-07-22
LANL.GrowthRate,4463.61729608063,2020-07-22
MIT_CovidAnalytics.DELPHI,4383,2020-07-22
MOBS_NEU.GLEAM_COVID,4510.25003682078,2020-07-22
NotreDame.mobility,4433.26673326673,2020-07-22
PSI.DRAFT,4429,2020-07-22
SWC.TerminusCM,4405,2020-07-22
UT.Mobility,4442,2020-07-22
Auquan.SEIR,4512,2020-07-22
CU.nochange,4397,2020-07-22
CU.scenario_high,4401,2020-07-22
CU.scenario_low,4399,2020-07-22
CU.scenario_mid,4394,2020-07-22
CU.select,4399,2020-07-22
Covid19Sim.Simulator,4467.25688296199,2020-07-22
IowaStateLW.STEM,4408,2020-07-22
JHU_IDD.CovidSP,4569.78333333333,2020-07-22
MIT_CovAlliance.SIR,4541.8447,2020-07-22
OliverWyman.Navigator,4399.325764,2020-07-22
RobertWalraven.ESG,4608.418,2020-07-22
UA.EpiCovDA,4422,2020-07-22
UCLA.SuEIR,4457.34244467651,2020-07-22
YYG.ParamSearch,4445.82500426115,2020-07-23
USACE.ERDC_SEIR,4417.95818360166,2020-07-23
LANL.GrowthRate,4467.12748301785,2020-07-23
MIT_CovidAnalytics.DELPHI,4384,2020-07-23
MOBS_NEU.GLEAM_COVID,4515.39747094829,2020-07-23
NotreDame.mobility,4436.3527953528,2020-07-23
PSI.DRAFT,4431,2020-07-23
SWC.TerminusCM,4407,2020-07-23
UT.Mobility,4445,2020-07-23
Auquan.SEIR,4515,2020-07-23
CU.nochange,4400,2020-07-23
CU.scenario_high,4404,2020-07-23
CU.scenario_low,4401,2020-07-23
CU.scenario_mid,4397,2020-07-23
CU.select,4401,2020-07-23
Covid19Sim.Simulator,4469.53709717339,2020-07-23
IowaStateLW.STEM,4409,2020-07-23
JHU_IDD.CovidSP,4581.00666666667,2020-07-23
MIT_CovAlliance.SIR,4545.867,2020-07-23
OliverWyman.Navigator,4400.902361,2020-07-23
RobertWalraven.ESG,4617.485,2020-07-23
UA.EpiCovDA,4425,2020-07-23
UCLA.SuEIR,4460.87197081377,2020-07-23
YYG.ParamSearch,4450.68451780464,2020-07-24
USACE.ERDC_SEIR,4419.82132340485,2020-07-24
LANL.GrowthRate,4470.79664739283,2020-07-24
MIT_CovidAnalytics.DELPHI,4385,2020-07-24
MOBS_NEU.GLEAM_COVID,4520.33396054969,2020-07-24
NotreDame.mobility,4439.35364635365,2020-07-24
PSI.DRAFT,4435,2020-07-24
SWC.TerminusCM,4409,2020-07-24
UT.Mobility,4449,2020-07-24
Auquan.SEIR,4518,2020-07-24
CU.nochange,4403,2020-07-24
CU.scenario_high,4409,2020-07-24
CU.scenario_low,4404,2020-07-24
CU.scenario_mid,4400,2020-07-24
CU.select,4404,2020-07-24
Covid19Sim.Simulator,4471.69857260191,2020-07-24
IowaStateLW.STEM,4410,2020-07-24
JHU_IDD.CovidSP,4592.14666666667,2020-07-24
MIT_CovAlliance.SIR,4549.7544,2020-07-24
OliverWyman.Navigator,4402.377203,2020-07-24
RobertWalraven.ESG,4626.414,2020-07-24
UA.EpiCovDA,4428,2020-07-24
UCLA.SuEIR,4464.2603011277,2020-07-24
YYG.ParamSearch,4455.4868373387,2020-07-25
USACE.ERDC_SEIR,4421.57273598913,2020-07-25
LANL.GrowthRate,4475.1795820551,2020-07-25
MIT_CovidAnalytics.DELPHI,4386,2020-07-25
MOBS_NEU.GLEAM_COVID,4525.10913345232,2020-07-25
NotreDame.mobility,4442.26577126577,2020-07-25
PSI.DRAFT,4439,2020-07-25
SWC.TerminusCM,4410,2020-07-25
UT.Mobility,4452,2020-07-25
Auquan.SEIR,4521,2020-07-25
CU.nochange,4406,2020-07-25
CU.scenario_high,4412,2020-07-25
CU.scenario_low,4408,2020-07-25
CU.scenario_mid,4403,2020-07-25
CU.select,4408,2020-07-25
Covid19Sim.Simulator,4473.74579129334,2020-07-25
IowaStateLW.STEM,4411,2020-07-25
JHU_IDD.CovidSP,4602.95333333333,2020-07-25
MIT_CovAlliance.SIR,4553.513,2020-07-25
OliverWyman.Navigator,4403.756039,2020-07-25
RobertWalraven.ESG,4635.209,2020-07-25
UA.EpiCovDA,4431,2020-07-25
USACE.ERDC_SEIR,4421.57273598913,2020-07-25
YYG.ParamSearch,4455.4868373387,2020-07-25
Auquan.SEIR,4521,2020-07-25
COVIDhub.ensemble,4452.73214135959,2020-07-25
CU.nochange,4406,2020-07-25
CU.scenario_high,4412,2020-07-25
CU.scenario_low,4408,2020-07-25
CU.scenario_mid,4403,2020-07-25
CU.select,4408,2020-07-25
Covid19Sim.Simulator,4473.74579129334,2020-07-25
GT.DeepCOVID,4491.7935,2020-07-25
IHME.CurveFit,4448.38024513027,2020-07-25
IowaStateLW.STEM,4411,2020-07-25
JHU_IDD.CovidSP,4602.95333333333,2020-07-25
LANL.GrowthRate,4475.1795820551,2020-07-25
MIT_CovAlliance.SIR,4553.513,2020-07-25
MIT_CovidAnalytics.DELPHI,4386,2020-07-25
MOBS_NEU.GLEAM_COVID,4525.10913345232,2020-07-25
NotreDame.mobility,4442.26577126577,2020-07-25
OliverWyman.Navigator,4403.756039,2020-07-25
PSI.DRAFT,4439,2020-07-25
SWC.TerminusCM,4410,2020-07-25
UA.EpiCovDA,4431,2020-07-25
UCLA.SuEIR,4467.51301333608,2020-07-25
UMass.MechBayes,4414,2020-07-25
USC.SI_kJalpha,4409.6700287144,2020-07-25
UT.Mobility,4452,2020-07-25
YYG.ParamSearch,4460.23469898417,2020-07-26
USACE.ERDC_SEIR,4423.21774351371,2020-07-26
LANL.GrowthRate,4479.02856994522,2020-07-26
MIT_CovidAnalytics.DELPHI,4387,2020-07-26
MOBS_NEU.GLEAM_COVID,4529.80602623858,2020-07-26
NotreDame.mobility,4445.0888000888,2020-07-26
PSI.DRAFT,4441,2020-07-26
SWC.TerminusCM,4412,2020-07-26
UT.Mobility,4456,2020-07-26
Auquan.SEIR,4523,2020-07-26
CU.nochange,4411,2020-07-26
CU.scenario_high,4418,2020-07-26
CU.scenario_low,4410,2020-07-26
CU.scenario_mid,4407,2020-07-26
CU.select,4410,2020-07-26
Covid19Sim.Simulator,4475.69638470398,2020-07-26
IowaStateLW.STEM,4412,2020-07-26
MIT_CovAlliance.SIR,4557.146,2020-07-26
RobertWalraven.ESG,4643.875,2020-07-26
UA.EpiCovDA,4433,2020-07-26
UCLA.SuEIR,4470.63546362769,2020-07-26
YYG.ParamSearch,4464.93058128535,2020-07-27
USACE.ERDC_SEIR,4424.76320006825,2020-07-27
LANL.GrowthRate,4482.4604202489,2020-07-27
MIT_CovidAnalytics.DELPHI,4387,2020-07-27
MOBS_NEU.GLEAM_COVID,4534.40837146797,2020-07-27
NotreDame.mobility,4447.80682280682,2020-07-27
PSI.DRAFT,4443,2020-07-27
SWC.TerminusCM,4414,2020-07-27
UT.Mobility,4459,2020-07-27
Auquan.SEIR,4525,2020-07-27
CU.nochange,4416,2020-07-27
CU.scenario_high,4421,2020-07-27
CU.scenario_low,4413,2020-07-27
CU.scenario_mid,4410,2020-07-27
CU.select,4413,2020-07-27
Covid19Sim.Simulator,4477.56069229967,2020-07-27
IowaStateLW.STEM,4412,2020-07-27
MIT_CovAlliance.SIR,4560.6597,2020-07-27
RobertWalraven.ESG,4652.415,2020-07-27
UA.EpiCovDA,4436,2020-07-27
UCLA.SuEIR,4473.63279550971,2020-07-27
YYG.ParamSearch,4469.57674032037,2020-07-28
USACE.ERDC_SEIR,4426.21510091908,2020-07-28
LANL.GrowthRate,4486.52869009456,2020-07-28
MIT_CovidAnalytics.DELPHI,4388,2020-07-28
NotreDame.mobility,4450.43352943353,2020-07-28
PSI.DRAFT,4445,2020-07-28
SWC.TerminusCM,4415,2020-07-28
Auquan.SEIR,4527,2020-07-28
Covid19Sim.Simulator,4479.32581865996,2020-07-28
IowaStateLW.STEM,4413,2020-07-28
MIT_CovAlliance.SIR,4564.058,2020-07-28
RobertWalraven.ESG,4660.832,2020-07-28
UA.EpiCovDA,4439,2020-07-28
UCLA.SuEIR,4476.50994830174,2020-07-28
YYG.ParamSearch,4474.1752393331,2020-07-29
USACE.ERDC_SEIR,4427.57963740769,2020-07-29
LANL.GrowthRate,4489.60249214046,2020-07-29
MIT_CovidAnalytics.DELPHI,4389,2020-07-29
NotreDame.mobility,4453.00122100122,2020-07-29
PSI.DRAFT,4447,2020-07-29
SWC.TerminusCM,4417,2020-07-29
Auquan.SEIR,4529,2020-07-29
Covid19Sim.Simulator,4480.99552948016,2020-07-29
IowaStateLW.STEM,4413,2020-07-29
MIT_CovAlliance.SIR,4567.3457,2020-07-29
RobertWalraven.ESG,4669.127,2020-07-29
UA.EpiCovDA,4441,2020-07-29
UCLA.SuEIR,4479.27166529072,2020-07-29
YYG.ParamSearch,4478.72797363056,2020-07-30
USACE.ERDC_SEIR,4428.8614751949,2020-07-30
LANL.GrowthRate,4492.79525916362,2020-07-30
MIT_CovidAnalytics.DELPHI,4389,2020-07-30
NotreDame.mobility,4455.49136049136,2020-07-30
PSI.DRAFT,4451,2020-07-30
SWC.TerminusCM,4418,2020-07-30
Auquan.SEIR,4531,2020-07-30
Covid19Sim.Simulator,4482.57361302214,2020-07-30
IowaStateLW.STEM,4414,2020-07-30
MIT_CovAlliance.SIR,4570.526,2020-07-30
RobertWalraven.ESG,4677.307,2020-07-30
UA.EpiCovDA,4443,2020-07-30
UCLA.SuEIR,4481.92250155998,2020-07-30
YYG.ParamSearch,4483.23669145684,2020-07-31
USACE.ERDC_SEIR,4430.06494390192,2020-07-31
LANL.GrowthRate,4496.18670314251,2020-07-31
MIT_CovidAnalytics.DELPHI,4390,2020-07-31
NotreDame.mobility,4457.90798090798,2020-07-31
PSI.DRAFT,4452,2020-07-31
SWC.TerminusCM,4419,2020-07-31
Auquan.SEIR,4533,2020-07-31
Covid19Sim.Simulator,4484.0638776246,2020-07-31
IowaStateLW.STEM,4414,2020-07-31
MIT_CovAlliance.SIR,4573.6045,2020-07-31
RobertWalraven.ESG,4685.373,2020-07-31
UA.EpiCovDA,4446,2020-07-31
UCLA.SuEIR,4484.46683150553,2020-07-31
YYG.ParamSearch,4487.70176104252,2020-08-01
USACE.ERDC_SEIR,4431.19537945544,2020-08-01
LANL.GrowthRate,4499.20580443793,2020-08-01
MIT_CovidAnalytics.DELPHI,4390,2020-08-01
NotreDame.mobility,4460.24560624561,2020-08-01
PSI.DRAFT,4455,2020-08-01
SWC.TerminusCM,4420,2020-08-01
Auquan.SEIR,4534,2020-08-01
Covid19Sim.Simulator,4485.46923355698,2020-08-01
IowaStateLW.STEM,4415,2020-08-01
MIT_CovAlliance.SIR,4576.5825,2020-08-01
RobertWalraven.ESG,4693.327,2020-08-01
UA.EpiCovDA,4448,2020-08-01
USACE.ERDC_SEIR,4431.19537945544,2020-08-01
YYG.ParamSearch,4487.70176104252,2020-08-01
Covid19Sim.Simulator,4485.46923355698,2020-08-01
IHME.CurveFit,4476.11591332188,2020-08-01
IowaStateLW.STEM,4415,2020-08-01
LANL.GrowthRate,4499.20580443793,2020-08-01
MIT_CovAlliance.SIR,4576.5825,2020-08-01
MIT_CovidAnalytics.DELPHI,4390,2020-08-01
NotreDame.mobility,4460.24560624561,2020-08-01
PSI.DRAFT,4455,2020-08-01
SWC.TerminusCM,4420,2020-08-01
UCLA.SuEIR,4486.90885605187,2020-08-01
USC.SI_kJalpha,4423.15719393864,2020-08-01
